GeneID	Symbol	Aliases
5071	PRKN	AR-JP, LPRS2, PARK2, PDJ
11315	PARK7	DJ-1, DJ1, GATD2, HEL-S-67p
6622	SNCA	NACP, PARK1, PARK4, PD1
26058	GIGYF2	GYF2, PARK11, PERQ2, PERQ3, TNRC15
100359403	PARK16	
57320	Park7	DJ-1, Dj1
117287	Park7	CAP1, DJ-1, Dj1, SP22
170534	PARK10	AAOPD
50873	Prkn	Park2
5072	PARK3	
56816	Prkn	Park, Park2
4137	MAPT	DDPAC, FTDP-17L, MSTD, MTBT1, MTBT2, PPND, PPP1R103, TAU, Tau-PHF6, tau-40, MAPT
677662	PARK12	
108353827	PARK21	
449674	park7	dj1, zgc:103725
746063	PARK7	CK820_G0035078
479595	PARK7	
102095711	GATD1	A306_09698, PDDC1
126251460	LOC126251460	
550328	prkn	park2, si:ch211-123f21.1, zgc:112390
109375656	GATD1	PDDC1
108513004	GATD1	PDDC1
105577214	GATD1	PDDC1
125097941	PARK7	
104829824	GATD1	PDDC1
100511802	GATD1	PDDC1
347862	GATD1	FERRY5, Fy-5, PDDC1
511268	PARK7	DJ-1, DJ1
102576304	PARK7	Y1Q_0011838, DJ-1
109436282	GATD1	PDDC1
102348258	GATD1	PDDC1
101706265	Gatd1	Pddc1
100190506	PARK7	
100286560	park7	
109299210	GATD1	PDDC1
105549344	GATD1	PDDC1
103078598	GATD1	PDDC1
126996465	LOC126996465	
134182107	LOC134182107	
124442756	LOC124442756	
122392449	LOC122392449	
421577	PARK2	PRKN
309110	Gatd1	Pddc1, RGD1304836
109698318	Gatd1	Pddc1
125172871	PARK7	
125133420	PARK7	
124515077	PARK7	
124240109	PARK7	
108508871	GATD1	PDDC1
106887166	GATD1	PDDC1
106853219	GATD1	PDDC1
105874045	GATD1	PDDC1
105816538	GATD1	PDDC1
105503201	GATD1	PDDC1
103250663	GATD1	PDDC1
102693127	gatd1	pddc1
102182766	GATD1	PDDC1
102099775	GATD1	PDDC1
102011863	Gatd1	Pddc1
40305455	BESB_003920	BESB_003920
7899492	TGME49_249710	TGME49_249710, TGME49_049710
124361959	LOC124361959	
135114034	LOC135114034	
134766233	LOC134766233	
129586434	LOC129586434	
129276517	LOC129276517	
126458167	LOC126458167	
125648051	LOC125648051	
121428058	LOC121428058	
119112608	LOC119112608	
110450121	LOC110450121	KP79_PYT18233
107349513	LOC107349513	
106809822	LOC106809822	
213350	Gatd1	D230016J19Rik, Pddc1
100418222	Gm19080	
620544	Gm13576	
423020	PDDC1	GATD1
780404	PARK7	
548568	park7	sp22
107385278	park7	
14911828	ACA1_134280	ACA1_134280
28825208	LY89DRAFT_687365	LY89DRAFT_687365
14898844	CAOG_04475	CAOG_04475
465864	LOC465864	CK820_G0044800
109624392	gatd1	pddc1
109507590	gatd1	pddc1
108786697	GATD1	PDDC1
107732298	gatd1	pddc1
107674843	gatd1	pddc1
107542333	GATD1	PDDC1
107114949	GATD1	PDDC1
107097848	gatd1	pddc1
106955825	gatd1	pddc1
106921853	gatd1	pddc1
106547460	GATD1	PDDC1
106534890	gatd1	pddc1
105998578	Gatd1	Pddc1
104992818	GATD1	PDDC1
104945741	gatd1	pddc1
104631230	GATD1	N312_06637, PDDC1
104628373	GATD1	N335_08043, PDDC1
104535259	GATD1	N332_04992, PDDC1
104504662	GATD1	N326_12045, PDDC1
104494813	GATD1	PDDC1
104474940	GATD1	N324_05718, PDDC1
104462771	GATD1	N339_10305, PDDC1
104385145	GATD1	M959_12197, PDDC1
104373514	GATD1	N340_06932, PDDC1
104345651	GATD1	N330_07065, PDDC1
104322432	GATD1	N329_06441, PDDC1
104269228	GATD1	N311_12532, PDDC1
104168350	GATD1	N322_05695, PDDC1
104141503	GATD1	N308_14388, PDDC1
104082421	GATD1	N327_03429, PDDC1
104046350	GATD1	N336_05537, PDDC1
104020530	GATD1	Y956_16036, PDDC1
103925102	GATD1	AS28_10356, PDDC1
103902623	GATD1	AS27_11823, PDDC1
103774886	GATD1	N331_05326, PDDC1
103621062	GATD1	N302_01234, PDDC1
103604008	GATD1	PDDC1
103543445	GATD1	PDDC1
103466521	gatd1	pddc1
103375982	gatd1	pddc1
103141291	gatd1	pddc1
102859592	GATD1	PDDC1
102810844	GATD1	PDDC1
102763971	GATD1	PDDC1
102281420	GATD1	M91_06731, PDDC1
102243880	GATD1	D623_10008455, PDDC1
102210620	gatd1	pddc1
101819884	GATD1	PDDC1
101627445	GATD1	PDDC1
101375950	GATD1	PDDC1
14896921	CAOG_06107	CAOG_06107
121872626	LOC121872626	Hamer_G002806
129980862	LOC129980862	
127719703	LOC127719703	
123759379	LOC123759379	
113216245	LOC113216245	FOCC_FOCC002150
129815187	LOC129815187	
121578550	LOC121578550	
110528021	LOC110528021	
119412773	LOC119412773	
134693856	LOC134693856	
134250173	LOC134250173	
134240560	LOC134240560	
133586473	LOC133586473	
133087206	LOC133087206	
132742247	LOC132742247	
132549387	LOC132549387	
132203611	LOC132203611	
132203609	LOC132203609	
132192938	LOC132192938	
132119695	LOC132119695	
130846218	LOC130846218	
130840485	LOC130840485	
129601302	LOC129601302	
129222226	LOC129222226	
128991181	LOC128991181	
128990978	LOC128990978	
128703208	LOC128703208	
128551771	LOC128551771	
128203165	LOC128203165	MAR_004939
128202907	LOC128202907	MAR_004922
128022045	LOC128022045	
127632737	LOC127632737	
127427920	LOC127427920	
127184328	LOC127184328	
126961482	LOC126961482	
126930527	LOC126930527	
126827585	LOC126827585	
126517894	LOC126517894	
126515430	LOC126515430	
126505830	LOC126505830	
126485553	LOC126485553	
126271111	LOC126271111	
126266804	LOC126266804	
126236322	LOC126236322	
126189073	LOC126189073	
126162224	LOC126162224	
125399450	LOC125399450	
125043806	LOC125043806	
124803026	LOC124803026	
124714646	LOC124714646	
124613338	LOC124613338	
124545301	LOC124545301	
124301953	LOC124301953	
124293979	LOC124293979	
124271881	LOC124271881	
124137681	LOC124137681	
124031371	LOC124031371	
124003720	LOC124003720	
123956960	LOC123956960	
123956547	LOC123956547	
123640722	LOC123640722	
123526202	LOC123526202	
123505191	LOC123505191	
122928893	LOC122928893	
122332235	LOC122332235	
122332229	LOC122332229	
121448444	LOC121448444	
121441802	LOC121441802	
121390033	LOC121390033	
120346162	LOC120346162	
120065137	LOC120065137	
120059358	LOC120059358	
119743149	LOC119743149	
119585714	LOC119585714	
119544304	LOC119544304	
119511799	LOC119511799	
119509644	LOC119509644	
119446548	LOC119446548	
119446546	LOC119446546	
119429974	LOC119429974	
119391125	LOC119391125	
119389722	LOC119389722	
119177111	LOC119177111	
118430146	LOC118430146	
118400225	LOC118400225	
118211524	LOC118211524	
118211396	LOC118211396	
118190175	LOC118190175	
117643880	LOC117643880	
115224773	LOC115224773	
113928786	LOC113928786	
113922510	LOC113922510	
113919238	LOC113919238	
112254495	LOC112254495	
110852136	LOC110852136	Fcan01_13415
110573970	LOC110573970	
109081294	LOC109081294	
108588492	LOC108588492	
104652910	LOC104652910	
102991297	LOC102991297	
102128495	LOC102128495	
101849766	LOC101849766	
100410814	LOC100410814	
100211338	LOC100211338	
8042030	LOC8042030	
5507766	LOC5507766	NEMVEDRAFT_v1g190290
110067755	LOC110067755	
109485451	LOC109485451	
108366546	LOC108366546	
107561134	LOC107561134	
107552138	LOC107552138	
107551397	LOC107551397	
105715048	LOC105715048	
102809328	LOC102809328	
101393342	LOC101393342	PDDC1
100633945	LOC100633945	
100148360	gatd1	pddc1, zgc:123196
530858	PRKN	PARK2
395277	PARK7	DJ-1
513454	GATD1	PDDC1
740015	GATD1	CK820_G0044149, PDDC1
734963	gatd1.L	XELAEV_18022110mg, gatd1, pddc1, pddc1.L
102931757	GATD1	UY3_08106, PDDC1
102484448	GATD1	TREES_T100004714, PDDC1
100403728	GATD1	PDDC1
720833	GATD1	PDDC1
108274690	gatd1	pddc1
105928121	gatd1	pddc1
104922339	gatd1	EH28_06534, pddc1
104551675	GATD1	N325_07359, PDDC1
104366236	GATD1	N341_04635, PDDC1
104299821	GATD1	N307_09234, PDDC1
104252279	GATD1	N328_10614, PDDC1
104064487	GATD1	N303_05692, PDDC1
103760003	GATD1	N305_12443, PDDC1
103539574	GATD1	N300_10681, PDDC1
102886074	GATD1	PAL_GLEAN10011159, PDDC1
102565894	GATD1	Y1Q_0006308, PDDC1, PDDC1-1
102503658	GATD1	CB1_000521013, PDDC1
101796524	GATD1	Anapl_14640, PDDC1
610760	GATD1	PDDC1
128931703	LOC128931703	
108305208	LOC108305208	
108291522	LOC108291522	
100411064	LOC100411064	
733673	PRKN	PARK2, pdr-1
399179	park7.L	XELAEV_18035746mg, park7, park7a
741350	PRKN	CK820_G0042773, PARK2
612316	PRKN	PARK2
100486045	gatd1	pddc1
101689578	PRKN	PARK2
107396230	prkn	park2
100390242	PRKN	PARK2
100057832	PRKN	PARK2
101835303	Gatd1	Pddc1
444724	park7.S	XELAEV_18037565mg, SP22, park7b
101082778	GATD1	PDDC1
100465415	PRKN	PANDA_009464, PARK2
100172433	PRKN	CR201_G0036895, PARK2
106561831	gatd1	pddc1
103174877	gatd1	pddc1
100752248	Gatd1	Pddc1
108886698	gatd1	pddc1
103751087	Gatd1	Pddc1
101672628	GATD1	PDDC1
100888150	gatd1	
100147623	GATD1	PDDC1
103040932	gatd1	pddc1
101158270	gatd1	pddc1
116242666	PARK7	
110408733	PARK7	
101343741	GATD1	PDDC1
101145240	GATD1	PDDC1
100995198	GATD1	PDDC1
100717781	Gatd1	Pddc1
100552437	gatd1	pddc1
100434691	GATD1	CR201_G0053098, PDDC1
130551809	gatd1	IRJ41_022579
122913227	GATD1	PDDC1
110481258	GATD1	RLOC_00002034, PDDC1
109926729	gatd1	pddc1
109867214	gatd1	pddc1
109259813	GATD1	PDDC1
109061666	gatd1	pddc1
108929049	gatd1	pddc1
108410835	gatd1	pddc1
108408642	GATD1	PDDC1
108288776	GATD1	PDDC1
107507232	GATD1	HJG63_005496, PDDC1
107388701	gatd1	pddc1
107314167	GATD1	PDDC1
107283933	GATD1	PDDC1
107205582	GATD1	PDDC1
107156912	Gatd1	Pddc1
106824969	GATD1	PDDC1
106047079	GATD1	PDDC1
105904234	gatd1	pddc1
105719862	GATD1	PDDC1
105494153	GATD1	PDDC1
105305958	GATD1	PDDC1
105105438	GATD1	Cadr_000030537, PDDC1
105069831	GATD1	PDDC1
105029680	gatd1	pddc1
104873586	Gatd1	Pddc1
104684625	GATD1	PDDC1
104682332	GATD1	PDDC1
104524132	GATD1	PDDC1
104131374	GATD1	PDDC1
103822287	GATD1	PDDC1
103671096	GATD1	PDDC1
103380268	gatd1	pddc1
103302544	GATD1	PDDC1
103233153	GATD1	PDDC1
103204154	GATD1	PDDC1
103125752	GATD1	PDDC1
103058700	GATD1	PDDC1
103004755	GATD1	PDDC1
102980159	GATD1	PDDC1
102954700	GATD1	PDDC1
102910749	Gatd1	Pddc1
102736700	GATD1	PDDC1
102524861	GATD1	PDDC1
102447897	GATD1	PDDC1
102427322	GATD1	PDDC1
102402087	GATD1	PDDC1
102387834	GATD1	PDDC1
102295830	gatd1	pddc1
102221137	gatd1	pddc1
102131796	GATD1	PDDC1
102069557	GATD1	PDDC1
102047230	GATD1	PDDC1
102041013	GATD1	PDDC1
101999251	Gatd1	Pddc1
101970319	Gatd1	H1C71_007927, Pddc1
101932133	GATD1	PDDC1
101911599	GATD1	PDDC1
101638353	GATD1	PDDC1
101603766	Gatd1	Pddc1
101575205	Gatd1	Pddc1
101558451	GATD1	PDDC1
101521121	GATD1	PDDC1
101478127	gatd1	pddc1
101446777	GATD1	PDDC1
101326475	GATD1	PDDC1
101284944	GATD1	PDDC1
101102104	GATD1	PDDC1
101045862	GATD1	PDDC1
101009815	GATD1	PDDC1
100941643	GATD1	PDDC1
100922764	GATD1	PDDC1
100699269	gatd1	pddc1
100657413	GATD1	PDDC1
100597974	GATD1	PDDC1
100543771	GATD1	PDDC1
100464462	GATD1	PANDA_021687, PDDC1
100219151	GATD1	PDDC1
100083988	GATD1	PDDC1
100030192	GATD1	PDDC1
107443890	LOC107443890	
100179358	LOC100179358	
110238191	LOC110238191	AC249_AIPGENE10009, pddc1
134807698	LOC134807698	
134391255	LOC134391255	
134390877	LOC134390877	
134390875	LOC134390875	
134390873	LOC134390873	
134390872	LOC134390872	
134390871	LOC134390871	
134390869	LOC134390869	
134390867	LOC134390867	
134390866	LOC134390866	
134390211	LOC134390211	
134390161	LOC134390161	
134386174	LOC134386174	
134367841	LOC134367841	
134361227	LOC134361227	
132020391	LOC132020391	
131839711	LOC131839711	
131741007	LOC131741007	
131398026	LOC131398026	
131273317	LOC131273317	
129691647	LOC129691647	
129522169	LOC129522169	
129491920	LOC129491920	
129478248	LOC129478248	
129473669	LOC129473669	
129044406	LOC129044406	
129009848	LOC129009848	
128928662	LOC128928662	
127625739	LOC127625739	
127426045	LOC127426045	
126953315	LOC126953315	
126930336	LOC126930336	
125359852	LOC125359852	
125345790	LOC125345790	
125107564	LOC125107564	
124991493	LOC124991493	
124987554	LOC124987554	
124982112	LOC124982112	
124979055	LOC124979055	
124974766	LOC124974766	
124974534	LOC124974534	
124974533	LOC124974533	
124974526	LOC124974526	
124974362	LOC124974362	
124974361	LOC124974361	
123947367	LOC123947367	
123787302	LOC123787302	
123622284	LOC123622284	
123233881	LOC123233881	
121477826	LOC121477826	
121159523	LOC121159523	
119865749	LOC119865749	
119626774	LOC119626774	
119541544	LOC119541544	
119539082	LOC119539082	
119530506	LOC119530506	
119524925	LOC119524925	
119508151	LOC119508151	
119505233	LOC119505233	
119412772	LOC119412772	
119258068	LOC119258068	
119246547	LOC119246547	
118651812	LOC118651812	
118579451	LOC118579451	
117707450	LOC117707450	
117693419	LOC117693419	
116474241	LOC116474241	
116462053	LOC116462053	
116460381	LOC116460381	
113255921	LOC113255921	
112135815	LOC112135815	
111873884	LOC111873884	B7P43_G01463, PDDC1
111322833	LOC111322833	AWC38_SpisGene4168, pddc1
110828927	LOC110828927	L798_05001
110559372	LOC110559372	
110192584	LOC110192584	
109029001	LOC109029001	
109028151	LOC109028151	
108316974	LOC108316974	
108316060	LOC108316060	
108302950	LOC108302950	
108295193	LOC108295193	
107754364	LOC107754364	
107655135	LOC107655135	
107522625	LOC107522625	
107129650	LOC107129650	
105731303	LOC105731303	
105725722	LOC105725722	
105725714	LOC105725714	
105709377	LOC105709377	
105708731	LOC105708731	
105705221	LOC105705221	
105339264	LOC105339264	CGI_10005149
105328547	LOC105328547	CGI_10028704
105064977	LOC105064977	
104001546	LOC104001546	
103891501	LOC103891501	
103792166	LOC103792166	
103789861	LOC103789861	
103782858	LOC103782858	
103656823	LOC103656823	
103542017	LOC103542017	
103239469	LOC103239469	
101868399	LOC101868399	PDDC1
101681476	LOC101681476	
101655061	LOC101655061	
101516083	LOC101516083	
101445205	LOC101445205	
101440952	LOC101440952	
101414863	LOC101414863	
101394108	LOC101394108	
101053387	LOC101053387	
101052769	LOC101052769	
101031353	LOC101031353	
100464992	LOC100464992	
100395556	LOC100395556	
120892	LRRK2	AURA17, DARDARIN, PARK8, RIPK7, ROCO2
1609	DGKQ	DAGK, DAGK4, DAGK7
2629	GBA1	GBA, GCB, GLUC
65018	PINK1	BRPK, PARK6
55737	VPS35	MEM3, PARK17
7345	UCHL1	HEL-117, HEL-S-53, NDGOA, PARK5, PGP 9.5, PGP9.5, PGP95, SPG79, SPG79A, UCHL-1, Uch-L1
4929	NR4A2	HZF-3, IDLDP, NOT, NURR1, RNR1, TINUR
1981	EIF4G1	EIF-4G1, EIF4F, EIF4G, EIF4GI, P220, PARK18
9627	SNCAIP	SYPH1, Sph1
27429	HTRA2	MGCA8, OMI, PARK13, PRSS25
6311	ATXN2	ATX2, SCA2, TNRC13
51142	CHCHD2	C7orf17, MIX17B, MNRR1, NS2TP, PARK22
4287	ATXN3	AT3, ATX3, JOS, MJD, MJD1, SCA3
126	ADH1C	ADH3
8398	PLA2G6	CaI-PLA2, GVI, INAD1, IPLA2-VIA, NBIA2, NBIA2A, NBIA2B, PARK14, PLA2, PNPLA9, iPLA2, iPLA2beta
6908	TBP	GTF2D, GTF2D1, HDL4, SCA171, TFIID, TBP
2580	GAK	DNAJ26, DNAJC26
5660	PSAP	GLBA, PARK24D, SAP1, SAP2, PSAP
5524	PTPA	PARK25, PP2A, PPP2R4, PR53
22926	ATF6	ACHM7A, ATP6alpha, ATF6
1830	DSG3	ABOLM, CDHF6, PVA
4948	OCA2	BEY, BEY1, BEY2, BOCA, D15S12, EYCL, EYCL2, EYCL3, HCL3, P, PED, SHEP1
8867	SYNJ1	DEE53, EIEE53, INPP5G, PARK20
57805	CCAR2	DBC-1, DBC1, KIAA1967, NET35, p30 DBC, p30DBC
9829	DNAJC6	DJC6, PARK19
54832	VPS13C	BLTP5C, PARK23
6315	ATXN8OS	KLHL1AS, NCRNA00003, SCA8
9037	SEMA5A	SEMAF, semF
80834	TAS1R2	GPR71, T1R2, TR2
1305	COL13A1	CMS19, COLXIIIA1
22848	AAK1	
1620	BRINP1	DBC1, DBCCR1, FAM5A
9842	PLEKHM1	AP162, B2, OPTA3, OPTB6
4576	MT-TT	MTTT, TRNT
79832	QSER1	
342125	TMC3	
79056	PRRG4	PRGP4, TMG4
79780	CCDC82	HSPC048
348	APOE	AD2, APO-E, ApoE4, LDLCQ5, LPG
101929655	TMC3-AS1	
627	BDNF	ANON2, BULN2
20617	Snca	NACP, alpha-Syn, alphaSYN
7421	VDR	NR1I1, PPP1R163
1312	COMT	HEL-S-98n
29219	Snca	
2932	GSK3B	
4157	MC1R	CMM5, MSH-R, SHEP2
106047231	PARK7	
1813	DRD2	D2DR, D2R
23400	ATP13A2	CLN12, HSA9947, KRPPD, PARK9, SPG78
298575	Pink1	
118253430	PARK7	
113909781	PARK7	
4129	MAOB	
3586	IL10	CSIF, GVHDS, IL-10A, TGIF, IL10
351	APP	AAA, ABETA, ABPP, AD1I, CTFgamma, CVAP, PN-II, PN2, alpha-sAPP, preA4, APP
5243	ABCB1	ABC20, CD243, CLCS, GP170, MDR1, P-GP, PGY1, p-170
6532	SLC6A4	5-HTT, 5-HTTLPR, 5HTT, HTT, OCD1, SERT, SERT1, hSERT
5444	PON1	ESA, MVCD5, PON
100413204	PARK7	
121058320	PARK7	
100010357	PARK7	
110149595	GATD1	
84894	LINGO1	LERN1, LRRN6A, MRT64, UNQ201
6531	SLC6A3	DAT, DAT1, PKDYS, PKDYS1
2332	FMR1	FMRP, FRAXA, POF, POF1
1814	DRD3	D3DR, ETM1, FET1
66725	Lrrk2	4921513O20Rik, 9330188B09Rik, D630001M17Rik, Gm927, cI-46
68943	Pink1	1190006F07Rik, BRPK, mFLJ00387
6609	SMPD1	ASM, ASMASE, NPD
100475637	PARK7	PANDA_007222
129472222	PARK7	
125703366	PARK7	
115865150	PARK7	
113270555	PARK7	
110574645	PARK7	
103666687	PARK7	
101794503	PARK7	Anapl_09864
40336	park	Dmel_CG10523, AAN12155.1, CG10523, Dmel\CG10523, Dpark, PARK, PARK2, PARKIN, PK, Park, Parkin, SD01679, dPARKIN, dParkin, dpark, dparkin, dpk1, pk, prkn, park
7124	TNF	DIF-alpha, TNFA, TNFSF2, TNLG1F, TNF
7422	VEGFA	L-VEGF, MVCD1, VEGF, VPF
4524	MTHFR	
5309	PITX3	ASGD1, ASMD, ASOD, CTPP4, CTRCT11, PTX3
26281	FGF20	FGF-20, RHDA2
2950	GSTP1	DFN7, FAEES3, GST3, GSTP, HEL-S-22, PI
10	NAT2	AAC2, NAT-2, PNAT
120387718	PARK7	
133211312	PARK7	
132515268	PARK7	
132357731	PARK7	
130829037	PARK7	
129551486	PARK7	
129345035	PARK7	
129008641	PARK7	
126953579	PARK7	
123943775	PARK7	
122899412	PARK7	
118626382	PARK7	HJG59_013832
117027458	PARK7	
104360590	PARK7	N341_07352
101974788	Park7	H1C71_032652
101275264	PARK7	
100664838	PARK7	
100447504	PARK7	CR201_G0025699
100352938	PARK7	
203228	C9orf72	ALSFTD, DENND9, DENNL72, FTDALS, FTDALS1
11540	Adora2a	A2AAR, A2aR, AA2AR, ARA2A
135	ADORA2A	A2aR, ADORA2, RDC8
5428	POLG	MDP1, MIRAS, MTDPS4A, MTDPS4B, PEO1, POLGA, SANDO, SCAE, POLG
1113	CHGA	CGA, PHE5, PHES
12	SERPINA3	AACT, ACT, GIG24, GIG25
25453	Gdnf	gndf
8301	PICALM	CALM, CLTH, LAP
6571	SLC18A2	PKDYS2, SVAT, SVMT, VAT2, VMAT2
4209	MEF2D	
17261	Mef2d	
683	BST1	CD157, cADPR2
101865893	PARK7	
100759195	Park7	
134560852	PARK7	
134161545	PARK7	
134052846	PARK7	
133759399	PARK7	
133507990	park7	
133372889	PARK7	
133227841	PARK7	
133069206	PARK7	
130261619	PARK7	
129497193	PARK7	NYPRO_LOCUS22118
129215916	PARK7	
128798973	PARK7	
128144033	PARK7	
127392953	PARK7	
126072525	PARK7	
125446048	PARK7	
125337064	PARK7	
123796171	PARK7	
123597138	PARK7	
123354207	PARK7	KIL84_022170
123018610	PARK7	EYD10_17235
122749967	PARK7	
122707700	PARK7	
122479891	PARK7	
122452007	PARK7	
122188986	PARK7	
122167118	PARK7	
121344053	PARK7	
120762232	PARK7	
119844927	PARK7	
119710565	PARK7	
119235764	PARK7	
118904946	PARK7	
118731999	PARK7	mPipKuh1_013125
118518041	PARK7	
118087684	PARK7	
117709213	Park7	
115342668	PARK7	
114702637	Park7	
112646897	PARK7	
108282393	PARK7	
104693267	PARK7	
104309898	PARK7	N307_06588
103225666	PARK7	
101546456	PARK7	
101135675	PARK7	
101052951	PARK7	
100969783	PARK7	
110401140	GATD1	
8934	RAB29	RAB7L, RAB7L1
1401	CRP	PTX1
7099	TLR4	ARMD10, CD284, TLR-4, TOLL
3479	IGF1	IGF, IGF-I, IGFI, MGF
2944	GSTM1	GST1-1, GSTM1a-1a, GSTM1b-1b, GTH4, GTM1, H-B, MU, MU-1, GSTM1
18024	Nfe2l2	Nrf2
6647	SOD1	ALS, ALS1, HEL-S-44, IPOA, SOD, STAHP, hSod1, homodimer
2952	GSTT1	
6387	CXCL12	IRH, PBSF, SCYB12, SDF1, TLSF, TPAR1
12367	Casp3	A830040C14Rik, AC-3, CASP-3, CC3, CPP-32, CPP32, Caspase-3, Lice, SCA-1, Yama, mldy
3162	HMOX1	HMOX1D, HO-1, HSP32, bK286B10
3077	HFE	HFE1, HH, HLA-H, MVCD7, TFQTL2
142	PARP1	ADPRT, ADPRT 1, ADPRT1, ARTD1, PARP, PARP-1, PARS, PPOL, Poly-PARP, pADPRT-1
335	APOA1	HPALP2, apo(a)
5979	RET	CDHF12, CDHR16, HSCR1, MEN2A, MEN2B, MTC1, PTC-ELE1, RET
23435	TARDBP	ALS10, TDP-43
836	CASP3	CPP32, CPP32B, SCA-1
19225	Ptgs2	COX2, Cox-2, PES-2, PGHS-2, PHS II, PHS-2, Pghs2, TIS10, gripghs
4843	NOS2	HEP-NOS, INOS, NOSA, NOS2
54106	TLR9	CD289
9518	GDF15	GDF-15, HG, MIC-1, MIC1, NAG-1, PDF, PLAB, PTGFB
8878	SQSTM1	A170, DMRV, FTDALS3, NADGP, OSIL, PDB3, ZIP3, p60, p62, p62B
6285	S100B	NEF, S100, S100-B, S100beta
18212	Ntrk2	GP145-TrkB/GP95-TrkB, Tkrb, trk-B, trkB
54209	TREM2	PLOSL2, TREM-2, Trem2a, Trem2b, Trem2c
7018	TF	HEL-S-71p, PRO1557, PRO2086QTL1, TF
14573	Gdnf	ATF
4734	NEDD4	NEDD4-1, RPF1
7054	TH	DYT14, DYT5b, TYH
2643	GCH1	DYT14, DYT5, DYT5a, GCH, GTP-CH-1, GTPCH1, HPABH4B
283	ANG	ALS9, HEL168, RAA1, RNASE4, RNASE5
3313	HSPA9	CRP40, CSA, EVPLS, GRP-75, GRP75, HEL-S-124mB, MOT, MOT2, MTHSP75, PBP74, SAAN, SIDBA4, HSPA9
1356	CP	AB073614-2, CP
3122	HLA-DRA	HLA-DRA1
2903	GRIN2A	EPND, FESD, GluN2A, LKS, NMDAR2A, NR2A
31607	Pink1	Dmel_CG4523, BEST:GH23468, CG4523, Dmel\CG4523, PINK-1, PINK1, Pink, dPINK1, dPINk1, dPink1, dpink, pink1
101826467	Park7	DJ-1, cap1
101683731	PARK7	
134507222	PARK7	
134384468	PARK7	
133483862	park7	
133267757	PARK7	
132672714	PARK7	
132586729	PARK7	
132483535	PARK7	
132426776	PARK7	
132231727	PARK7	
132000881	PARK7	
131809708	PARK7	
131750139	PARK7	
131587422	PARK7	
131505541	PARK7	
130599614	PARK7	
130208890	park7	
130033452	PARK7	
129682714	Park7	
129075687	PARK7	
128947678	PARK7	
128918411	PARK7	
128825967	PARK7	
128818408	PARK7	
128575604	PARK7	
128338709	PARK7	
127681701	Park7	
127038822	PARK7	
127024848	PARK7	
126508225	Park7	
126042260	PARK7	
125913152	PARK7	
125624229	PARK7	
125387801	Park7	
124079171	Park7	K8944_020007092sp01
123860112	PARK7	
123240248	PARK7	
122227383	PARK7	
122121478	Park7	
121675690	PARK7	
121161465	PARK7	
121020241	PARK7	
120585857	PARK7	
120233637	PARK7	
119928889	PARK7	
119817006	Park7	
118998125	PARK7	
118020045	PARK7	GH733_015870
116812867	PARK7	
115520566	PARK7	
114102274	Park7	
112299067	PARK7	
110560422	Park7	
109274044	PARK7	
107517703	PARK7	HJG63_014915
107155537	Park7	
106982200	PARK7	
105731776	PARK7	
104551510	PARK7	N325_09474
103295298	PARK7	
103019344	PARK7	
102986390	PARK7	
102959550	PARK7	
102930935	PARK7	UY3_07556
102923284	Park7	
101611476	Park7	
101411568	PARK7	
101357070	PARK7	
101092868	PARK7	
100723185	Park7	
100073498	PARK7	
110202966	GATD1	
110074179	GATD1	
101877546	LOC101877546	PARK7
14466	Gba1	GC, GCase, GLUC, Gba, betaGC
4891	SLC11A2	AHMIO1, DCT1, DMT1, NRAMP2
6477	SIAH1	BURHASA, SIAH1
25793	FBXO7	FBX, FBX07, FBX7, PARK15, PKPS
3176	HNMT	HMT-S1, HNMT-S2, MRT51, HNMT
6620	SNCB	
9709	HERPUD1	HERP, Mif1, SUP
5816	PVALB	D22S749
65114	Vps35	Mem3
116442	RAB39B	BGMR, MRX72, WSMN, WSN, XLID72
6014	RIT2	RIBA, RIN, ROC2
23358	USP24	
26020	LRP10	LRP-10, LRP9, MST087, MSTP087
7008	TEF	
55230	USP40	
7157	TP53	BCC7, BMFS5, LFS1, P53, TRP53
3569	IL6	BSF-2, BSF2, CDF, HGF, HSF, IFN-beta-2, IFNB2, IL-6
1636	ACE	ACE1, CD143, DCP, DCP1
4318	MMP9	CLG4B, GELB, MANDP2, MMP-9
4790	NFKB1	CVID12, EBP-1, KBF1, NF-kB, NF-kB1, NF-kappa-B1, NF-kappaB, NF-kappabeta, NFKB-p105, NFKB-p50, NFkappaB
3553	IL1B	IL-1, IL1-BETA, IL1F2, IL1beta
3123	HLA-DRB1	DRB1, HLA-DR1B, HLA-DRB, SS1
5743	PTGS2	COX-2, COX2, GRIPGHS, PGG/HS, PGHS-2, PHS-2, hCox-2
21926	Tnf	DIF, TNF-a, TNF-alpha, TNFSF2, TNFalphaa, Tnfsf1a, Tnlg1f, Tnf
135285317	PARK7	
135238400	park7	
100049299	park7	dj-1
101119489	PARK7	
108899924	park7	
103181420	park7	
131460687	park7	
105017254	park7	DJ-1
129106044	park7	
122981532	park7	
122789192	PARK7	
118328582	park7	
118309798	park7	
117868008	PARK7	
112145430	park7	
129849734	park7	
121575954	park7	
110494422	park7	
103030353	park7	
134966653	PARK7	
134882189	park7	
134627075	park7	
134577999	PARK7	
134523976	PARK7	
134462617	park7	
134429792	PARK7	
134411653	PARK7	
134337752	park7	
134301693	park7	
134149982	PARK7	
134091732	park7	
134021028	park7	
133978064	park7	
133961757	park7	
133643518	park7	
133605227	park7	
133543706	park7	
133449413	park7	
133408656	park7	
133352329	PARK7	
133162637	park7	
133110409	park7	
133087293	PARK7	
132999620	park7	
132978100	park7	
132874067	park7	
132838312	park7	
132833700	park7	
132764687	PARK7	
132471052	park7	
132382177	park7	
132337837	PARK7	
132126134	park7	
132082923	PARK7	
131968560	park7	
131904335	Park7	
131567186	PARK7	
131549432	park7	G5714_011601
131412769	PARK7	
131342220	park7	KOW79_017279
131187180	PARK7	
131105865	park7	
131092513	PARK7	
130922181	park7	
130884283	Park7	
130579086	PARK7	
130571286	park7	IRJ41_003660
130524996	park7	D4764_04G0005930
130491345	PARK7	
130409945	park7	
130237553	park7	
130160939	park7	
130146463	PARK7	
130107408	park7	
130088496	park7	
129711588	park7	
129653096	PARK7	
129428022	park7	
129352382	park7	
129186412	park7	
129129744	PARK7	
128977448	PARK7	
128760780	park7	
128637999	PARK7	
128625057	park7	
128511047	park7	
128469574	PARK7	
128459729	park7	
128419596	PARK7	
128356021	park7	
128096471	Park7	
128084944	PARK7	
128061497	PARK7	
127968510	park7	
127607436	park7	
127583370	park7	
127555917	PARK7	
127522658	park7	
127470648	PARK7	
127372427	park7	
127213413	Park7	PHOROB_LOCUS17265
127211668	Park7	
127173349	park7	H4Q32_023172
126643890	PARK7	
126386607	park7	
126011597	PARK7	
125977483	park7	
125895387	park7	
125747943	park7	
125466712	park7	
125354529	Park7	
125302104	park7	AALO_G00139570
125256998	park7	
125007311	park7	
124983002	Park7	
124856680	park7	
124470990	park7	
124402480	park7	HF521_008387
124056175	park7	
123832179	PARK7	
123634530	PARK7	
122926893	PARK7	
122865047	park7	
122834754	park7	
122768835	park7	JOB18_008761
122540359	park7	
121950937	park7	
121936362	PARK7	
121890562	park7	
121707707	park7	
121637119	park7	
121620939	park7	
121503666	park7	
121500473	PARK7	
121358462	PARK7	
121269861	park7	
121179332	park7	
121085220	PARK7	
120998520	PARK7	
120915783	PARK7	
120880166	PARK7	
120835396	park7	
120783507	park7	
120746789	park7	
120558203	park7	PFLUV_G00046390
120531101	park7	GTO96_0019187
120511071	PARK7	
120480242	park7	F2P79_011784
120319077	PARK7	
119979620	park7	
119886674	park7	
119774784	park7	
119528007	PARK7	
119484904	park7	
119412400	park7	
119194156	park7	
119145061	PARK7	
119122744	park7	
119055942	PARK7	
119021146	park7	
118932153	PARK7	
118837624	PARK7	
118799822	park7	
118779487	park7	
118694896	PARK7	
118676714	PARK7	mMyoMyo1_014786
118578596	Park7	
118388496	park7	
118177117	PARK7	
118105179	park7	HST_G00025360
117943160	park7	
117822915	park7	
117762035	park7	
117730834	park7	
117656617	PARK7	
117548172	park7	
117506676	park7	
117489965	park7	
117446740	park7	
117371412	park7	
117006785	PARK7	
116990468	park7	
116314622	park7	
116051561	park7	
114856302	park7	
114656030	park7	
114497495	PARK7	
114003969	PARK7	
113657203	park7	
113572456	park7	
113537791	park7	PHYPO_G00116660
112215669	park7	
111580698	park7	
110965123	park7	
110168456	park7	NL108_014006
109913779	park7	
109048501	park7	
108431629	park7	
108391155	PARK7	
108255284	park7	
108231526	park7	
106844319	PARK7	
105939276	park7	
105908352	park7	
105071005	PARK7	
104252198	PARK7	N328_10323
104132789	PARK7	Z169_09422
104060532	PARK7	N303_02557
103820830	PARK7	
103198423	PARK7	
103124038	PARK7	
102794188	park7	
102397062	PARK7	
102294422	park7	
102046650	PARK7	
101952912	PARK7	
101920065	PARK7	
101643079	PARK7	
101536129	PARK7	
100551640	park7	
135190520	PARK7	
109971239	gatd1	
127832503	LOC127832503	DPMN_123634
3925520	NEWENTRY	
2475	MTOR	FRAP, FRAP1, FRAP2, RAFT1, RAPT1, SKS
12387	Ctnnb1	Bfc, Catnb, Mesc
6347	CCL2	GDCF-2, HC11, HSMCR30, MCAF, MCP-1, MCP1, SCYA2, SMC-CF
3146	HMGB1	HMG-1, HMG1, HMG3, SBP-1
24088	Tlr2	Ly105
4879	NPPB	BNP, Iso-ANP
7097	TLR2	CD282, TIL4
2147	F2	PT, RPRGL2, THPH1
18126	Nos2	MAC-NOS, NOS-II, Nos-2a, i-NOS, iNOS, Nos2
6696	SPP1	BNSP, BSPI, ETA-1, OPN
3606	IL18	IGIF, IL-18, IL-1g, IL1F4
1565	CYP2D6	CPD6, CYP2D, CYP2D7AP, CYP2D7BP, CYP2D7P2, CYP2D8P2, CYP2DL1, CYPIID6, P450-DB1, P450C2D, P450DB1
2100	ESR2	ER-BETA, ESR-BETA, ESRB, ESTRB, Erb, NR3A2, ODG8
12064	Bdnf	
5925	RB1	OSRC, PPP1R130, RB, p105-Rb, p110-RB1, pRb, pp110
3958	LGALS3	CBP35, GAL3, GALBP, GALIG, L31, LGALS2, MAC2
3934	LCN2	24p3, MSFI, NGAL, p25
24225	Bdnf	
56717	Mtor	2610315D21Rik, FRAP, FRAP2, Frap1, RAFT1, RAPT1, flat
1906	EDN1	ARCND3, ET1, HDLCQ7, PPET1, QME
581	BAX	BCL2L4
5663	PSEN1	ACNINV3, AD3, FAD, PS-1, PS1, PSNL1, S182
19	ABCA1	ABC-1, ABC1, CERP, HDLCQTL13, HDLDT1, HPALP1, TGD
217	ALDH2	ALDH-E2, ALDHI, ALDM
26413	Mapk1	9030612K14Rik, ERK, Erk2, MAPK2, PRKM2, Prkm1, p41mapk, p42mapk
1815	DRD4	D4DR
20750	Spp1	2AR, Apl-1, BNSP, BSPI, Bsp, ETA-1, Eta, OP, Opn, Opnl, Ric, Spp-1
25	ABL1	ABL, BCR-ABL, CHDSKM, JTK7, bcr/abl, c-ABL, c-ABL1, p150, v-abl
4170	MCL1	BCL2L3, EAT-ES, MCL1L, MCL1S, Mcl-1, TM, bcl2-L-3, mcl1/EAT, MCL1
4314	MMP3	CHDS6, MMP-3, SL-1, STMY, STMY1, STR1
14580	Gfap	
26417	Mapk3	Erk-1, Erk1, Ert2, Esrk1, Mnk1, Mtap2k, Prkm3, p44, p44erk1, p44mapk
2308	FOXO1	FKH1, FKHRA, FOXO1
7132	TNFRSF1A	CD120a, FPF, TBP1, TNF-R, TNF-R-I, TNF-R55, TNFAR, TNFR1, TNFR55, TNFR60, p55, p55-R, p60
24494	Il1b	IL-1F2
7076	TIMP1	CLGI, EPA, EPO, HCI, TIMP, TIMP-1
7161	TP73	CILD47, P73
155871	tat	HIV1gp5
1191	CLU	AAG4, APO-J, APOJ, CLI1, CLU2, KUB1, NA1/NA2, SGP-2, SGP2, SP-40, TRPM-2, TRPM2, CLU
24599	Nos2	Nos2a, iNos
1571	CYP2E1	CPE1, CYP2E, P450-J, P450C2E
2896	GRN	CLN11, GEP, GP88, PCDGF, PEPI, PGRN
3308	HSPA4	APG-2, HEL-S-5a, HS24/P52, HSPH2, RY, hsp70, hsp70RY
1268	CNR1	CANN6, CB-R, CB1, CB1A, CB1K5, CB1R, CNR
2521	FUS	ALS6, ETM41, HNRNPP2, POMP75, TLS, altFUS, FUS
5580	PRKCD	ALPS3, CVID9, MAY1, PKCD, nPKC-delta
12912	Creb1	2310001E10Rik, 3526402H21Rik, Creb, Creb-1
3240	HP	BP2ALPHA2, HPA1S, HP
16476	Jun	AP-1c, c-jun, Jun
7133	TNFRSF1B	CD120b, TBPII, TNF-R-II, TNF-R75, TNFBR, TNFR1B, TNFR2, TNFR80, p75, p75TNFR
1544	CYP1A2	CP12, CYPIA2, P3-450, P450(PA)
5562	PRKAA1	AMPK, AMPK alpha 1, AMPKa1
24842	Tp53	Trp53, p53
5300	PIN1	DOD, UBL5
6786	STIM1	D11S4896E, GOK, IMD10, STRMK, TAM, TAM1
283131	NEAT1	LINC00084, NCRNA00084, TP53LC15, TncRNA, VINC
729230	CCR2	CC-CKR-2, CCR-2A, CCR2B, CD192, CKR2, CKR2A, CKR2B, CMKBR2, MCP-1-R, PCLUD, CCR2
2638	GC	DBP, DBP-maf, DBP/GC, GRD3, Gc-MAF, GcMAF, HEL-S-51, VDB, VDBG, VDBP
216	ALDH1A1	ALDC, ALDH-E1, ALDH1, ALDH11, HEL-9, HEL-S-53e, HEL12, PUMB1, RALDH1
7037	TFRC	CD71, IMD46, T9, TFR, TFR1, TR, TRFR, p90
7351	UCP2	BMIQ4, SLC25A8, UCPH
407021	MIR29A	MIRN29, MIRN29A, hsa-mir-29, hsa-mir-29a, miRNA29A, mir-29a
6720	SREBF1	HMD, IFAP2, SREBP1, bHLHd1
8829	NRP1	BDCA4, CD304, NP1, NRP, VEGF165R
10013	HDAC6	CPBHM, HD6, JM21, KDAC6, PPP1R90
19713	Ret	PTC, RET51, RET9, c-Ret
4842	NOS1	IHPS1, N-NOS, NC-NOS, NOS, bNOS, nNOS
25402	Casp3	CPP32-beta, Lice, Yama
10059	DNM1L	DLP1, DRP1, DVLP, DYMPLE, EMPF, EMPF1, HDYNIV, OPA5
4691	NCL	C23, Nsr1
25459	Hmgb1	Ac2-008, Hmg1
84027	Gsk3b	
2066	ERBB4	ALS19, HER4, p180erbB4
5788	PTPRC	B220, CD45, CD45R, GP180, IMD105, L-CA, LCA, LY5, T200
842	CASP9	APAF-3, APAF3, ICE-LAP6, MCH6, PPP1R56
2717	GLA	GALA
56532	Ripk3	2610528K09Rik, Rip3
25248	Cnr1	CB1R, SKR6R
18753	Prkcd	D14Ertd420e, PKC[d], PKCdelta, Pkcd
2904	GRIN2B	DEE27, EIEE27, GluN2B, MRD6, NMDAR2B, NR2B, NR3, hNR3
12006	Axin2	Axi1, Axil, Conductin
83433	Trem2	TREM-2a, Trem2b, Trem2c, Trem2
2624	GATA2	DCML, IMD21, MONOMAC, NFE1B
2017	CTTN	EMS1
9112	MTA1	
22433	Xbp1	D11Ertd39e, TREB-5, TREB5, XBP-1
13798	En1	En-1, Mo-en.1, engrailed-1
30269	shha	ShhNC, fc83d08, shh, syu, vhh-1, vhh1, wu:fc83d08
2	A2M	A2MD, CPAMD5, FWP007, S863-7
7503	XIST	DXS1089, DXS399E, LINC00001, NCRNA00001, SXI1, swd66
406928	MIR137	MIRN137, miR-137
19766	Ripk1	D330015H01Rik, RIP, RIP-1, Rinp, Rip1
4853	NOTCH2	AGS2, HJCYS, hN2
11539	Adora1	A1-AR, A1AR, A1R, AA1R, ARA1, Ri
2668	GDNF	ATF, ATF1, ATF2, HFB1-GDNF, HSCR3
7019	TFAM	MTDPS15, MTTF1, MTTFA, TCF6, TCF6L1, TCF6L2, TCF6L3
406907	MIR124-1	MIR124A, MIR124A1, MIRN124-1, MIRN124A1, mir-124-1
6530	SLC6A2	NAT1, NET, NET1, SLC6A5
55000	TUG1	LINC00080, NCRNA00080, TI-227H
1861	TOR1A	AMC5, DQ2, DYT1
25085	Th	The
6653	SORL1	C11orf32, LR11, LRP9, SORLA, SorLA-1, gp250
4217	MAP3K5	ASK1, MAPKKK5, MEKK5
5978	REST	DFNA27, GINGF5, HGF5, NRSF, WT6, XBR
1621	DBH	DBM, ORTHYP1
406973	MIR196A2	MIRN196-2, MIRN196A2, mir-196a-2
7299	TYR	ATN, CMM8, OCA1, OCA1A, OCAIA, SHEP3
9	NAT1	AAC1, MNAT, NAT-1, NATI
12475	Cd14	
5868	RAB5A	RAB5
4544	MTNR1B	FGQTL2, MEL-1B-R, MT2
3920	LAMP2	CD107b, DND, LAMP-2, LAMPB, LGP-96, LGP110
1859	DYRK1A	DYRK, DYRK1, HP86, MNB, MNBH, MRD7
9475	ROCK2	ROCK-II
18227	Nr4a2	HZF-3, NOT, Nurr1, RNR-1, TINOR, TINUR
1386	ATF2	CRE-BP1, CREB-2, CREB2, HB16, TREB7
22260	Nr1h2	LXR, LXRB, LXRBSV, LXRbeta, NER1, OR-1, RIP15, UR, Unr, Unr2
3351	HTR1B	5-HT-1B, 5-HT-1D-beta, 5-HT1B, 5-HT1DB, HTR1D2, HTR1DB, S12
14062	F2r	Cf2r, Par1, ThrR
1137	CHRNA4	BFNC, EBN, EBN1, NACHR, NACHRA4, NACRA4
3811	KIR3DL1	CD158E1, KIR, KIR2DL5B/S1, NKAT-3, NKAT3, NKB1, NKB1B, KIR3DL1
20273	Scn8a	C630029C19Rik, NaCh6, Nav1.6, dmu, med, mnd-2, mnd2, nmf2, nmf335, nmf58, nur14, seal
1460	CSNK2B	CK2B, CK2N, CSK2B, Ckb1, Ckb2, G5A, POBINDS
637	BID	FP497
12259	C1qa	Adic, C1q
25496	Notch1	NOTCH, TAN1
1739	DLG1	DLGH1, SAP-97, SAP97, hdlg
4321	MMP12	HME, ME, MME, MMP-12
112476	PRRT2	BFIC2, BFIS2, DSPB3, DYT10, EKD1, FICCA, ICCA, IFITMD1, PKC
3416	IDE	INSULYSIN
406921	MIR132	MIRN132, miRNA132, mir-132
4487	MSX1	ECTD3, HOX7, HYD1, STHAG1
723848	Mir34a	Mirn34a, mir-34a, mmu-mir-34a
341	APOC1	Apo-CI, ApoC-I, apo-CIB, apoC-IB
25369	Adora2a	A2ar, ADENO, Adora2l1
712	C1QA	C1QD1
19712	Rest	2610008J04Rik, NRSF, REST4
21780	Tfam	Hmgts, mtTFA, tsHMG
30538	fgf8a	ace, cb110, etID309886.13, fgf-8, fgf8, id:ibd5031, wu:fb73a06
11419	Asic1	ASIC, ASIC1a, ASIC1b, Accn2, B530003N02Rik, BNaC2
1639	DCTN1	DAP-150, DP-150, HMND14, P135
23988	Pin1	0610025L01Rik, D9Bwg1161e
22062	Trp73	TAp73, Tp73, deltaNp73, p73
76854	Gper1	6330420K13Rik, CMKRL2, Ceprl, FEG-1, GPCR-Br, Gper, Gpr30
18213	Ntrk3	Ntrk3_tv3, TrkC
24414	Grm1	Gprc1a
6414	SELENOP	SELP, SEPP, SEPP1, SeP
74568	Mlkl	9130019I15Rik
885	CCK	
815	CAMK2A	CAMKA, CaMKIINalpha, CaMKIIalpha, MRD53, MRT63
2280	FKBP1A	FKBP-12, FKBP-1A, FKBP1, FKBP12, PKC12, PKCI2, PPIASE
7533	YWHAH	YWHA1
5336	PLCG2	APLAID, FCAS3, PLC-IV, PLC-gamma-2
498	ATP5F1A	ATP5A, ATP5A1, ATP5AL2, ATPM, COXPD22, HEL-S-123m, MC5DN4, MC5DN4A, MC5DN4B, MOM2, OMR, ORM, hATP1
10533	ATG7	APG7-LIKE, APG7L, GSA7, SCAR31
6750	SST	SMST1, SST
3269	HRH1	H1-R, H1R, HH1R, hisH1
2288	FKBP4	FKBP51, FKBP52, FKBP59, HBI, Hsp56, PPIase, p52
16784	Lamp2	CD107b, LGP-B, Lamp II, Lamp-2, Lamp-2a, Lamp-2b, Lamp-2c, Mac3
4543	MTNR1A	MEL-1A-R, MT1
22166	Txn1	ADF, Trx1, Txn
950	SCARB2	AMRF, CD36L2, EPM4, HLGP85, LGP85, LIMP-2, LIMPII, SR-BII
171045	Mmp3	
6334	SCN8A	BFIS5, CERIII, CIAT, DEE13, EIEE13, MED, MYOCL2, NaCh6, Nav1.6, PN4
56652	TWNK	ATXN8, C10orf2, IOSCA, MTDPS7, PEO, PEO1, PEOA3, PRLTS5, SANDO, SCA8, TWINL
9446	GSTO1	GSTO 1-1, GSTTLp28, HEL-S-21, P28, SPG-R
347	APOD	
831	CAST	BS-17, MIR583HG, PLACK
4218	RAB8A	MEL, RAB8
2869	GRK5	FP2025, GPRK5
214084	Slc18a2	1110037L13Rik, 9330105E13, Vmat2
12366	Casp2	CASP-2, ICH-1, NEDD-2, Nedd2
1141	CHRNB2	EFNL3, nAChRB2
29424	Htt	Hd, Hdh
22241	Ulk1	Unc51.1, mKIAA0722
8880	FUBP1	FBP, FUBP, hDH V
407030	MIR30B	MIRN30B, mir-30b
74747	Ddit4	5830413E08Rik, REDD1, Rtp801, dig2
29244	Gch1	GTPCH, GTPCH-1, Gch
8874	ARHGEF7	BETA-PIX, COOL-1, COOL1, Nbla10314, P50, P50BP, P85, P85COOL1, P85SPR, PAK3, PIXB
29904	EEF2K	CaMKIII, HSU93850, eEF-2K
10890	RAB10	
5141	PDE4A	DPDE2, PDE4, PDE46
3163	HMOX2	HO-2
27347	STK39	DCHT, PASK, SPAK
2596	GAP43	B-50, GAP-43, PP46
10769	PLK2	SNK, hPlk2, hSNK
407031	MIR30C1	MIRN30C1, mir-30c-1
3310	HSPA6	HSP70B'
9532	BAG2	BAG-2, dJ417I1.2
4540	MT-ND5	MTND5, ND5
2354	FOSB	AP-1, G0S3, GOS3, GOSB
4835	NQO2	DHQV, DIA6, NMOR2, QR2
22807	IKZF2	ANF1A2, HELIOS, ZNF1A2, ZNFN1A2
2674	GFRA1	GDNFR, GDNFR-alpha-1, GDNFRA, GFR-ALPHA-1, GFRalpha-1, RET1L, RETL1, RHDA4, TRNR1
9063	PIAS2	ARIP3, DIP, MIZ1, PIASX, SIZ2, ZMIZ4
9456	HOMER1	HOMERA, HOMER1B, HOMER1C, SYN47, Ves-1, HOMER1
1740	DLG2	PPP1R58, PSD-93, PSD93, chapsyn-110
27074	LAMP3	CD208, DC LAMP, DC-LAMP, DCLAMP, LAMP, LAMP-3, TSC403
25516	Pnoc	N23K, Npnc1
406895	MIR103A1	MIR103-1, MIRN103-1, mir-103a-1
1996	ELAVL4	HUD, PNEM
713	C1QB	C1QD2
400916	CHCHD10	C22orf16, FTDALS2, IMMD, MIX17A, N27C7-4, SMAJ
3960	LGALS4	GAL4, L36LBP
11739	Slc25a4	Ant1, mANC1
7473	WNT3	INT4, TETAMS
131450	CD200R1	CD200R, HCRTR2, MOX2R, OX2R
1327	COX4I1	COX IV-1, COX4, COX4-1, COXIV, COXIV-1, MC4DN16
58861	Cysltr1	CysLT1R, Cyslt1
338442	HCAR2	GPR109A, HCA2, HM74a, HM74b, NIACR1, PUMAG, Puma-g
7419	VDAC3	HD-VDAC3, VDAC-3
55288	RHOT1	ARHT1, MIRO-1, MIRO1
4885	NPTX2	NARP, NP-II, NP2
12177	Bnip3l	D14Ertd719e, Nip3L, Nix
57019	CIAPIN1	Anamorsin, CIAE2, DRE2, PRO0915
8653	DDX3Y	DBY
30304	tdgf1	cb85, cripto, oep, wu:fe01d04, zgc:109829
13807	Eno2	D6Ertd375e, Eno-2, NSE
14763	Gpr37	Pael-R
57704	GBA2	AD035, NLGase, SPG46
29480	Rgs4	
2941	GSTA4	GSTA4-4, GTA4
219931	TPCN2	SHEP10, TPC2
23317	DNAJC13	PARK21, RME8
8622	PDE8B	ADSD, PPNAD3
856681	SPF1	YEL031W, COD1, PER9, PIO1
6697	SPR	SDR38C1
293897	Dkk1	
55486	PARL	PRO2207, PSARL, PSARL1, PSENIP2, RHBDS1
19324	Rab1a	Gtbp, Rab-1, Rab1, Ypt1, mKIAA3012
2829	XCR1	CCXCR1, GPR5
2861	GPR37	EDNRBL, PAELR, hET(B)R-LP
574402	Gpr17	
4061	LY6E	RIG-E, RIGE, SCA-2, SCA2, TSA-1
36251	Buffy	Dmel_CG8238, BUFFY, Bcl-2-48AE/Borg2, Buffy/DBorg-2, Buffy/dBorg-2, CG8238, Dbx, Dmel\CG8238, Drob2, buffy, dBORG-2/BUFFY, dBorg-2, dBorg2, dbuffy
35411	Lamp1	Dmel_CG3305, CG3305, Dmel\CG3305, LAMP, LAMP1, Lamp, Lamp-1, dLAMP, dLamp, lamp1
21402	Skp1	15kDa, 2610043E24Rik, 2610206H23Rik, EMC19, OCP-II, OCP2a, Tceb1l, p19A, p19Skp1, Skp1
26232	FBXO2	FBG1, FBX2, Fbs1, NFB42, OCP1
100996717	NOTCH2NLC	ETM6, N2N, NIID, NOTCH2NL, NOTCH2NLA, OPDM3
387175	Mir15b	Mirn15b, mir-15b, mmu-mir-15b
406896	MIR103A2	MIR103-2, MIRN103-2, mir-103a-2
26994	RNF11	CGI-123, SID1669
79705	LRRK1	OSMD, RIPK6, Roco1
89941	RHOT2	ARHT2, C16orf39, MIRO-2, MIRO2, RASL
4294	MAP3K10	MEKK10, MLK2, MST
9481	SLC25A27	UCP4
59269	HIVEP3	KBP-1, KBP1, KRC, SHN3, Schnurri-3, ZAS3, ZNF40C
70086	Cysltr2	2300001H05Rik, CYSLT2R, Cltr2, Cyslt2
64216	TFB2M	Hkp1, h-mtTFB, h-mtTFB2, hTFB2M, mtTFB2
140942	Ddit4	Rtp801
3208	HPCA	BDR2, DYT2
12850	Coq7	clk-1
51106	TFB1M	CGI-75, CGI75, mtTFB, mtTFB1
112755	STX1B	GEFSP91, STX1B2, STX1B
4580	MTX1	MTX, MTXN
24560	Cd200	Cspmo2, MRCOX2, Mox2
6192	RPS4Y1	RPS4Y, S4
254428	SLC41A1	MgtE, NPHPL2
441549	CDNF	ARMETL1
6775094	ND2	
23461	ABCA5	ABC13, EST90625, HTC3
23113	CUL9	H7AP1, PARC
23208	SYT11	SYT12, sytXI
50070	mask	Dmel_CG33106, CG18671, CG31138, CG33106, CG6268, CG6313, Dmel\CG33106, EC3-6, MASK, Mask, cg6313
59076	Grk6	Gprk6
13382	Dld	
25897	RNF19A	RNF19
51886	Fubp1	9530027K12Rik, D3Ertd330e, FBP, Fubp, Fubp4
83722	Plk2	Snk
494085	pink1	wu:fc39e12, zgc:101729
148979	GLIS1	
22987	SV2C	SLC22B3
15107	Hadh	HCDHsc, Schad, Hadh
158038	LINGO2	LERN3, LRRN6C
64357	Cd200r1	Mox2r
84286	TMEM175	hTMEM175
14708	Gng7	Hg3b
38974	GstO2	Dmel_CG6673, CG6673, CG6673-A, CG6673-B, CG6673A, CG6673B, DmGSTO1, DmGSTO2a, DmGSTO2b, Dmel\CG6673, GSTO2, GSTO2a, GSTO2b, anon-EST:Posey29, gsto2
26876	Adh4	Adh2
69310	Pacrg	1700008H23Rik
296851	Pon2	
11098	PRSS23	SIG13, SPUVE, ZSIG13
693184	MIR599	MIRN599, hsa-mir-599
84423	Nrtn	
64342	HS1BP3	ETM2, HS1-BP3
854466	YPK9	YOR291W
64409	GALNT17	GALNACT17, GALNT16, GALNT20, GALNTL3, GalNAc-T17, GalNAc-T19, GalNAc-T5L, WBSCR17
346288	SEPTIN14	SEPT14, Septin-14
100314040	Mir181b1	Mir181b-1, rno-mir-181b-1
387185	Mir190a	Mir190, Mirn190, mir-190, mir-190a, mmu-mir-190, mmu-mir-190a
117549	Gpr37	Ednrbl
150726	FBXO41	FBX41
64443	Gpr88	
78309	Cul9	1810035I07Rik, Cul-9, Parc, mKIAA0708
306417	Sh3rf1	Posh, Sh3md2
325119	uchl1	cb358, wu:fc55h08
293653	Acy3	RGD1305394
100124481	Mir190b	Mirn190b, mir-190b
568666	atp13a2	im:7147302, zgc:136762
2539462	vps35	SPCC777.13
100499528	Mir3473a	Mir3473, mir-3473a, mmu-mir-3473, mmu-mir-3473a
832828	DEG14	AT5G27660, Arabidopsis PARK13 homolog, AtPARK13, PARK13, T1G16.1, degradation of periplasmic proteins 14
4839899	MDR1	PICST_65867
34683857	LALA0_S01e11518g	LALA0_S01e11518g
30037409	YPK9	AWJ20_5194
2828223	NEWENTRY	
